Year,Date,ItemNameCommon,ItemName,Url
1996,December 17 Meeting - 1996,Beige Book: ,HTML,/fomc/beigebook/1996/19961204/default.htm
1996,November 13 Meeting - 1996,Beige Book: ,HTML,/fomc/beigebook/1996/19961030/default.htm
1996,September 24 Meeting - 1996,Beige Book: ,HTML,
1996,August 20 Meeting - 1996,Beige Book: ,HTML,
1996,July 2-3 Meeting - 1996,Beige Book: ,HTML,
1996,May 21 Meeting - 1996,Beige Book: ,HTML,
1996,March 26 Meeting - 1996,Beige Book: ,HTML,
1996,January 30-31 Meeting - 1996,Beige Book: ,HTML,
1997,December 16 Meeting - 1997,Beige Book: ,HTML,/fomc/beigebook/1997/19971203/default.htm
1997,November 12 Meeting - 1997,Beige Book: ,HTML,/fomc/beigebook/1997/19971029/default.htm
1997,September 30 Meeting - 1997,Beige Book: ,HTML,/fomc/beigebook/1997/19970917/default.htm
1997,August 19 Meeting - 1997,Beige Book: ,HTML,/fomc/beigebook/1997/19970806/default.htm
1997,July 1-2 Meeting - 1997,Beige Book: ,HTML,/fomc/beigebook/1997/19970618/default.htm
1997,May 20 Meeting - 1997,Beige Book: ,HTML,/fomc/beigebook/1997/19970507/default.htm
1997,March 25 Meeting - 1997,Beige Book: ,HTML,/fomc/beigebook/1997/19970312/default.htm
1997,February 4-5 Meeting - 1997,Beige Book: ,HTML,/fomc/beigebook/1997/19970122/default.htm
1998,December 22 Meeting - 1998,Beige Book: ,HTML,/fomc/beigebook/1998/19981209/default.htm
1998,November 17 Meeting - 1998,Beige Book: ,HTML,/fomc/beigebook/1998/19981104/default.htm
1998,September 29 Meeting - 1998,Beige Book: ,HTML,/fomc/beigebook/1998/19980916/default.htm
1998,August 18 Meeting - 1998,Beige Book: ,HTML,/fomc/beigebook/1998/19980805/default.htm
1998,June 30-July 1 Meeting - 1998,Beige Book: ,HTML,/fomc/beigebook/1998/19980617/default.htm
1998,May 19 Meeting - 1998,Beige Book: ,HTML,/fomc/beigebook/1998/19980506/default.htm
1998,March 31 Meeting - 1998,Beige Book: ,HTML,/fomc/beigebook/1998/19980318/default.htm
1998,February 3-4 Meeting - 1998,Beige Book: ,HTML,/fomc/beigebook/1998/19980121/default.htm
1999,December 21 Meeting - 1999,Beige Book: ,HTML,/fomc/beigebook/1999/19991208/default.htm
1999,November 16 Meeting - 1999,Beige Book: ,HTML,/fomc/beigebook/1999/19991103/default.htm
1999,October 5 Meeting - 1999,Beige Book: ,HTML,/fomc/beigebook/1999/19990922/default.htm
1999,August 24 Meeting - 1999,Beige Book: ,HTML,/fomc/beigebook/1999/19990811/default.htm
1999,June 29-30 Meeting - 1999,Beige Book: ,HTML,/fomc/beigebook/1999/19990616/default.htm
1999,May 18 Meeting - 1999,Beige Book: ,HTML,/fomc/beigebook/1999/19990505/default.htm
1999,March 30 Meeting - 1999,Beige Book: ,HTML,/fomc/beigebook/1999/19990317/default.htm
1999,February 2-3 Meeting - 1999,Beige Book: ,HTML,/fomc/beigebook/1999/19990120/default.htm
2000,December 19 Meeting - 2000,Beige Book: ,HTML,/fomc/beigebook/2000/20001206/default.htm
2000,November 15 Meeting - 2000,Beige Book: ,HTML,/fomc/beigebook/2000/20001101/default.htm
2000,October 3 Meeting - 2000,Beige Book: ,HTML,/fomc/beigebook/2000/20000920/default.htm
2000,August 22 Meeting - 2000,Beige Book: ,HTML,/fomc/beigebook/2000/20000809/default.htm
2000,June 27-28 Meeting - 2000,Beige Book: ,HTML,/fomc/beigebook/2000/20000614/default.htm
2000,May 16 Meeting - 2000,Beige Book: ,HTML,/fomc/beigebook/2000/20000503/default.htm
2000,March 21 Meeting - 2000,Beige Book: ,HTML,/fomc/beigebook/2000/20000308/default.htm
2000,February 1-2 Meeting - 2000,Beige Book: ,HTML,/fomc/beigebook/2000/20000119/default.htm
2001,December 11 Meeting - 2001,Beige Book: ,HTML,/fomc/beigebook/2001/20011128/default.htm
2001,November 6 Meeting - 2001,Beige Book: ,HTML,/fomc/beigebook/2001/20011024/default.htm
2001,October 2 Meeting - 2001,Beige Book: ,HTML,/fomc/beigebook/2001/20010919/default.htm
2001,August 21 Meeting - 2001,Beige Book: ,HTML,/fomc/beigebook/2001/20010808/default.htm
2001,June 26-27 Meeting - 2001,Beige Book: ,HTML,/fomc/beigebook/2001/20010613/default.htm
2001,May 15 Meeting - 2001,Beige Book: ,HTML,/fomc/beigebook/2001/20010502/default.htm
2001,March 20 Meeting - 2001,Beige Book: ,HTML,/fomc/beigebook/2001/20010307/default.htm
2001,January 30-31 Meeting - 2001,Beige Book: ,HTML,/fomc/beigebook/2001/20010117/default.htm
2002,December 10 Meeting - 2002,Beige Book: ,HTML,/fomc/beigebook/2002/20021127/default.htm
2002,November 6 Meeting - 2002,Beige Book: ,HTML,/fomc/beigebook/2002/20021023/default.htm
2002,September 24 Meeting - 2002,Beige Book: ,HTML,/fomc/beigebook/2002/20020911/default.htm
2002,August 13 Meeting - 2002,Beige Book: ,HTML,/fomc/beigebook/2002/20020731/default.htm
2002,June 25-26 Meeting - 2002,Beige Book: ,HTML,/fomc/beigebook/2002/20020612/default.htm
2002,May 7 Meeting - 2002,Beige Book: ,HTML,/fomc/beigebook/2002/20020424/default.htm
2002,March 19 Meeting - 2002,Beige Book: ,HTML,/fomc/beigebook/2002/20020306/default.htm
2002,January 29-30 Meeting - 2002,Beige Book: ,HTML,/fomc/beigebook/2002/20020116/default.htm
2007,December 11 Meeting - 2007,"Minutes (Released Jan 2, 2008):
                    ",HTML,/monetarypolicy/fomcminutes20071211.htm
2007,October 30-31 Meeting - 2007,"Minutes (Released Nov 20, 2007):
                    ",HTML,/monetarypolicy/fomcminutes20071031.htm
2008,December 15-16 Meeting - 2008,"Minutes (Released Jan 6, 2009):
                    ",HTML,/monetarypolicy/fomcminutes20081216.htm
2008,December 15-16 Meeting - 2008,Beige Book: ,HTML,/fomc/beigebook/2008/20081203/default.htm
2008,October 28-29 Meeting - 2008,"Minutes (Released Nov 19, 2008):
                    ",HTML,/monetarypolicy/fomcminutes20081029.htm
2008,October 28-29 Meeting - 2008,Beige Book: ,HTML,/fomc/beigebook/2008/20081015/default.htm
2008,September 16 Meeting - 2008,"Minutes (Released Oct 7, 2008):
                    ",HTML,/monetarypolicy/fomcminutes20080916.htm
2008,September 16 Meeting - 2008,Beige Book: ,HTML,/fomc/beigebook/2008/20080903/default.htm
2008,August 5 Meeting - 2008,"Minutes (Released Aug 26, 2008):
                    ",HTML,/monetarypolicy/fomcminutes20080805.htm
2008,August 5 Meeting - 2008,Beige Book: ,HTML,/fomc/beigebook/2008/20080723/default.htm
2008,June 24-25 Meeting - 2008,"Minutes (Released Jul 16, 2008):
                    ",HTML,/monetarypolicy/fomc20080625.htm
2008,June 24-25 Meeting - 2008,Beige Book: ,HTML,/fomc/beigebook/2008/20080611/default.htm
2008,April 29-30 Meeting - 2008,"Minutes (Released May 21, 2008):
                    ",HTML,/monetarypolicy/fomcminutes20080430.htm
2008,April 29-30 Meeting - 2008,Beige Book: ,HTML,/fomc/beigebook/2008/20080416/default.htm
2008,March 18 Meeting - 2008,"Minutes (Released Apr 8, 2008):
                    ",HTML,/monetarypolicy/fomcminutes20080318.htm
2008,March 18 Meeting - 2008,Beige Book: ,HTML,/fomc/beigebook/2008/20080305/default.htm
2008,January 29-30 Meeting - 2008,"Minutes (Released Feb 20, 2008):
                    ",HTML,/monetarypolicy/fomcminutes20080130.htm
2009,December 15-16 Meeting - 2009,"Minutes (Released Jan 6, 2010):
                    ",HTML,/monetarypolicy/fomcminutes20091216.htm
2009,December 15-16 Meeting - 2009,Beige Book: ,HTML,/fomc/beigebook/2009/20091202/default.htm
2009,November 3-4 Meeting - 2009,"Minutes (Released Nov 24, 2009):
                    ",HTML,/monetarypolicy/fomcminutes20091104.htm
2009,November 3-4 Meeting - 2009,Beige Book: ,HTML,/fomc/beigebook/2009/20091021/default.htm
2009,September 22-23 Meeting - 2009,"Minutes (Released Oct 14, 2009):
                    ",HTML,/monetarypolicy/fomcminutes20090923.htm
2009,September 22-23 Meeting - 2009,Beige Book: ,HTML,/fomc/beigebook/2009/20090909/default.htm
2009,August 11-12 Meeting - 2009,"Minutes (Released Sep 2, 2009):
                    ",HTML,/monetarypolicy/fomcminutes20090812.htm
2009,August 11-12 Meeting - 2009,Beige Book: ,HTML,/fomc/beigebook/2009/20090729/default.htm
2009,June 23-24 Meeting - 2009,"Minutes (Released Jul 15, 2009):
                    ",HTML,/monetarypolicy/fomcminutes20090624.htm
2009,June 23-24 Meeting - 2009,Beige Book: ,HTML,/fomc/beigebook/2009/20090610/default.htm
2009,April 28-29 Meeting - 2009,"Minutes (Released May 20, 2009):
                    ",HTML,/monetarypolicy/fomcminutes20090429.htm
2009,April 28-29 Meeting - 2009,Beige Book: ,HTML,/fomc/beigebook/2009/20090415/default.htm
2009,March 17-18 Meeting - 2009,"Minutes (Released Apr 8, 2009):
                    ",HTML,/monetarypolicy/fomcminutes20090318.htm
2009,March 17-18 Meeting - 2009,Beige Book: ,HTML,/fomc/beigebook/2009/20090304/default.htm
2009,January 27-28 Meeting - 2009,"Minutes (Released Feb 18, 2009):
                    ",HTML,/monetarypolicy/fomcminutes20090128.htm
2009,January 27-28 Meeting - 2009,Beige Book: ,HTML,/fomc/beigebook/2009/20090114/default.htm
2010,December 14 Meeting - 2010,"Minutes (Released Jan 4, 2011):
                    ",HTML,/monetarypolicy/fomcminutes20101214.htm
2010,December 14 Meeting - 2010,Beige Book: ,HTML,/fomc/beigebook/2010/20101201/default.htm
2010,November 2-3 Meeting - 2010,"Minutes (Released Nov 23, 2010):
                    ",HTML,/monetarypolicy/fomcminutes20101103.htm
2010,November 2-3 Meeting - 2010,Beige Book: ,HTML,/fomc/beigebook/2010/20101020/default.htm
2010,September 21 Meeting - 2010,"Minutes (Released Oct 12, 2010):
                    ",HTML,/monetarypolicy/fomcminutes20100921.htm
2010,September 21 Meeting - 2010,Beige Book: ,HTML,/fomc/beigebook/2010/20100908/default.htm
2010,August 10 Meeting - 2010,"Minutes (Released Aug 31, 2010):
                    ",HTML,/monetarypolicy/fomcminutes20100810.htm
2010,August 10 Meeting - 2010,Beige Book: ,HTML,/fomc/beigebook/2010/20100728/default.htm
2010,June 22-23 Meeting - 2010,"Minutes (Released July 14, 2010):
                    ",HTML,/monetarypolicy/fomcminutes20100623.htm
2010,June 22-23 Meeting - 2010,Beige Book: ,HTML,/fomc/beigebook/2010/20100609/default.htm
2010,April 27-28 Meeting - 2010,"Minutes (Released May 19, 2010):
                    ",HTML,/monetarypolicy/fomcminutes20100428.htm
2010,April 27-28 Meeting - 2010,Beige Book: ,HTML,/fomc/beigebook/2010/20100414/default.htm
2010,March 16 Meeting - 2010,"Minutes (Released Apr 6, 2010):
                    ",HTML,/monetarypolicy/fomcminutes20100316.htm
2010,March 16 Meeting - 2010,Beige Book: ,HTML,/fomc/beigebook/2010/20100303/default.htm
2010,January 26-27 Meeting - 2010,"Minutes (Released Feb 17, 2010):
                    ",HTML,/monetarypolicy/fomcminutes20100127.htm
2010,January 26-27 Meeting - 2010,Beige Book: ,HTML,/fomc/beigebook/2010/20100113/default.htm
2011,December 13 Meeting - 2011,"Minutes (Released January 03, 2012):",HTML,/monetarypolicy/fomcminutes20111213.htm
2011,December 13 Meeting - 2011,Beige Book: ,HTML,/monetarypolicy/beigebook/beigebook201111.htm
2011,November 1-2 Meeting - 2011,"Minutes (Released November 22, 2011):",HTML,/monetarypolicy/fomcminutes20111102.htm
2011,November 1-2 Meeting - 2011,Beige Book: ,HTML,/monetarypolicy/beigebook/beigebook201110.htm
2011,September 20-21 Meeting - 2011,"Minutes (Released October 12, 2011):",HTML,/monetarypolicy/fomcminutes20110921.htm
2011,September 20-21 Meeting - 2011,Beige Book: ,HTML,/monetarypolicy/beigebook/beigebook201109.htm
2011,August 9 Meeting - 2011,"Minutes (Released August 30, 2011):",HTML,/monetarypolicy/fomcminutes20110809.htm
2011,August 9 Meeting - 2011,Beige Book: ,HTML,/monetarypolicy/beigebook/beigebook201107.htm
2011,June 21-22 Meeting - 2011,"Minutes (Released July 12, 2011):",HTML,/monetarypolicy/fomcminutes20110622.htm
2011,June 21-22 Meeting - 2011,Beige Book: ,HTML,/monetarypolicy/beigebook/beigebook201106.htm
2011,April 26-27 Meeting - 2011,"Minutes (Released May 18, 2011):",HTML,/monetarypolicy/fomcminutes20110427.htm
2011,April 26-27 Meeting - 2011,Beige Book: ,HTML,/monetarypolicy/beigebook/beigebook201104.htm
2011,March 15 Meeting - 2011,"Minutes (Released April 05, 2011):",HTML,/monetarypolicy/fomcminutes20110315.htm
2011,March 15 Meeting - 2011,Beige Book: ,HTML,/monetarypolicy/beigebook/beigebook20110302.htm
2011,January 25-26 Meeting - 2011,"Minutes (Released February 16, 2011):",HTML,/monetarypolicy/fomcminutes20110126.htm
2011,January 25-26 Meeting - 2011,Beige Book: ,HTML,/monetarypolicy/beigebook/beigebook201101.htm
2012,December 11-12 Meeting - 2012,"Minutes (Released January 03, 2013):",HTML,/monetarypolicy/fomcminutes20121212.htm
2012,December 11-12 Meeting - 2012,Beige Book: ,HTML,https://www.federalreserve.gov/monetarypolicy/beigebook/beigebook201211.htm
2012,October 23-24 Meeting - 2012,"Minutes (Released November 14, 2012):",HTML,/monetarypolicy/fomcminutes20121024.htm
2012,October 23-24 Meeting - 2012,Beige Book: ,HTML,https://www.federalreserve.gov/monetarypolicy/beigebook/beigebook201210.htm
2012,September 12-13 Meeting - 2012,"Minutes (Released October 04, 2012):",HTML,/monetarypolicy/fomcminutes20120913.htm
2012,September 12-13 Meeting - 2012,Beige Book: ,HTML,https://www.federalreserve.gov/monetarypolicy/beigebook/beigebook201208.htm
2012,July 31-August 1  Meeting - 2012,"Minutes (Released August 22, 2012):",HTML,/monetarypolicy/fomcminutes20120801.htm
2012,July 31-August 1  Meeting - 2012,Beige Book: ,HTML,https://www.federalreserve.gov/monetarypolicy/beigebook/beigebook201207.htm
2012,June 19-20 Meeting - 2012,"Minutes (Released July 11, 2012):",HTML,/monetarypolicy/fomcminutes20120620.htm
2012,June 19-20 Meeting - 2012,Beige Book: ,HTML,https://www.federalreserve.gov/monetarypolicy/beigebook/beigebook201206.htm
2012,April 24-25 Meeting - 2012,"Minutes (Released May 16, 2012):",HTML,/monetarypolicy/fomcminutes20120425.htm
2012,April 24-25 Meeting - 2012,Beige Book: ,HTML,https://www.federalreserve.gov/monetarypolicy/beigebook/beigebook201204.htm
2012,March 13 Meeting - 2012,"Minutes (Released April 03, 2012):",HTML,/monetarypolicy/fomcminutes20120313.htm
2012,March 13 Meeting - 2012,Beige Book: ,HTML,https://www.federalreserve.gov/monetarypolicy/beigebook/beigebook201202.htm
2012,January 24-25 Meeting - 2012,"Minutes (Released February 15, 2012):",HTML,/monetarypolicy/fomcminutes20120125.htm
2012,January 24-25 Meeting - 2012,Beige Book: ,HTML,https://www.federalreserve.gov/monetarypolicy/beigebook/beigebook201201.htm
2013,December 17-18 Meeting - 2013,"Minutes (Released January 08, 2014):",HTML,/monetarypolicy/fomcminutes20131218.htm
2013,December 17-18 Meeting - 2013,Beige Book: ,HTML,/monetarypolicy/beigebook/beigebook201312.htm
2013,October 29-30 Meeting - 2013,"Minutes (Released November 20, 2013):",HTML,/monetarypolicy/fomcminutes20131030.htm
2013,October 29-30 Meeting - 2013,Beige Book: ,HTML,/monetarypolicy/beigebook/beigebook201310.htm
2013,September 17-18 Meeting - 2013,"Minutes (Released October 09, 2013):",HTML,/monetarypolicy/fomcminutes20130918.htm
2013,September 17-18 Meeting - 2013,Beige Book: ,HTML,/monetarypolicy/beigebook/beigebook201309.htm
2013,July 30-31 Meeting - 2013,"Minutes (Released August 21, 2013):",HTML,/monetarypolicy/fomcminutes20130731.htm
2013,July 30-31 Meeting - 2013,Beige Book: ,HTML,/monetarypolicy/beigebook/beigebook201307.htm
2013,June 18-19 Meeting - 2013,"Minutes (Released July 10, 2013):",HTML,/monetarypolicy/fomcminutes20130619.htm
2013,June 18-19 Meeting - 2013,Beige Book: ,HTML,/monetarypolicy/beigebook/beigebook201306.htm
2013,April/May 30-1 Meeting - 2013,"Minutes (Released May 22, 2013):",HTML,/monetarypolicy/fomcminutes20130501.htm
2013,April/May 30-1 Meeting - 2013,Beige Book: ,HTML,/monetarypolicy/beigebook/beigebook201304.htm
2013,March 19-20 Meeting - 2013,"Minutes (Released April 10, 2013):",HTML,/monetarypolicy/fomcminutes20130320.htm
2013,March 19-20 Meeting - 2013,Beige Book: ,HTML,/monetarypolicy/beigebook/beigebook201303.htm
2013,January 29-30 Meeting - 2013,"Minutes (Released February 20, 2013):",HTML,/monetarypolicy/fomcminutes20130130.htm
2013,January 29-30 Meeting - 2013,Beige Book: ,HTML,/monetarypolicy/beigebook/beigebook201301.htm
2014,December 16-17 Meeting - 2014,"Minutes (Released January 07, 2015):",HTML,/monetarypolicy/fomcminutes20141217.htm
2014,December 16-17 Meeting - 2014,Beige Book: ,HTML,/monetarypolicy/beigebook/beigebook201412.htm
2014,October 28-29 Meeting - 2014,"Minutes (Released November 19, 2014):",HTML,/monetarypolicy/fomcminutes20141029.htm
2014,October 28-29 Meeting - 2014,Beige Book: ,HTML,/monetarypolicy/beigebook/beigebook201410.htm
2014,September 16-17 Meeting - 2014,"Minutes (Released October 08, 2014):",HTML,/monetarypolicy/fomcminutes20140917.htm
2014,September 16-17 Meeting - 2014,Beige Book: ,HTML,/monetarypolicy/beigebook/beigebook201409.htm
2014,July 29-30 Meeting - 2014,"Minutes (Released August 20, 2014):",HTML,/monetarypolicy/fomcminutes20140730.htm
2014,July 29-30 Meeting - 2014,Beige Book: ,HTML,/monetarypolicy/beigebook/beigebook201407.htm
2014,June 17-18 Meeting - 2014,"Minutes (Released July 09, 2014):",HTML,/monetarypolicy/fomcminutes20140618.htm
2014,June 17-18 Meeting - 2014,Beige Book: ,HTML,/monetarypolicy/beigebook/beigebook201406.htm
2014,April 29-30 Meeting - 2014,"Minutes (Released May 21, 2014):",HTML,/monetarypolicy/fomcminutes20140430.htm
2014,April 29-30 Meeting - 2014,Beige Book: ,HTML,/monetarypolicy/beigebook/beigebook201404.htm
2014,March 18-19 Meeting - 2014,"Minutes (Released April 09, 2014):",HTML,/monetarypolicy/fomcminutes20140319.htm
2014,March 18-19 Meeting - 2014,Beige Book: ,HTML,/monetarypolicy/beigebook/beigebook201403.htm
2014,January 28-29 Meeting - 2014,"Minutes (Released February 19, 2014):",HTML,/monetarypolicy/fomcminutes20140129.htm
2014,January 28-29 Meeting - 2014,Beige Book: ,HTML,/monetarypolicy/beigebook/beigebook201401.htm
2015,December 15-16 Meeting - 2015,"Minutes (Released January 06, 2016):",HTML,/monetarypolicy/fomcminutes20151216.htm
2015,December 15-16 Meeting - 2015,Beige Book: ,HTML,/monetarypolicy/beigebook/beigebook201512.htm
2015,October 27-28 Meeting - 2015,"Minutes (Released November 18, 2015):",HTML,/monetarypolicy/fomcminutes20151028.htm
2015,October 27-28 Meeting - 2015,Beige Book: ,HTML,/monetarypolicy/beigebook/beigebook201510.htm
2015,September 16-17 Meeting - 2015,"Minutes (Released October 08, 2015):",HTML,/monetarypolicy/fomcminutes20150917.htm
2015,September 16-17 Meeting - 2015,Beige Book: ,HTML,/monetarypolicy/beigebook/beigebook201509.htm
2015,July 28-29 Meeting - 2015,"Minutes (Released August 19, 2015):",HTML,/monetarypolicy/fomcminutes20150729.htm
2015,July 28-29 Meeting - 2015,Beige Book: ,HTML,/monetarypolicy/beigebook/beigebook201507.htm
2015,June 16-17 Meeting - 2015,"Minutes (Released July 08, 2015):",HTML,/monetarypolicy/fomcminutes20150617.htm
2015,June 16-17 Meeting - 2015,Beige Book: ,HTML,/monetarypolicy/beigebook/beigebook201506.htm
2015,April 28-29 Meeting - 2015,"Minutes (Released May 20, 2015):",HTML,/monetarypolicy/fomcminutes20150429.htm
2015,April 28-29 Meeting - 2015,Beige Book: ,HTML,/monetarypolicy/beigebook/beigebook201504.htm
2015,March 17-18 Meeting - 2015,"Minutes (Released April 08, 2015):",HTML,/monetarypolicy/fomcminutes20150318.htm
2015,March 17-18 Meeting - 2015,Beige Book: ,HTML,/monetarypolicy/beigebook/beigebook20150304.htm
2015,January 27-28 Meeting - 2015,"Minutes (Released February 18, 2015):",HTML,/monetarypolicy/fomcminutes20150128.htm
2015,January 27-28 Meeting - 2015,Beige Book: ,HTML,/monetarypolicy/beigebook/beigebook201501.htm
2016,December 13-14 Meeting - 2016,"Minutes (Released January 04, 2017):",HTML,/monetarypolicy/fomcminutes20161214.htm
2016,December 13-14 Meeting - 2016,Beige Book: ,HTML,/monetarypolicy/beigebook/beigebook201611.htm
2016,November 1-2 Meeting - 2016,"Minutes (Released November 23, 2016):",HTML,/monetarypolicy/fomcminutes20161102.htm
2016,November 1-2 Meeting - 2016,Beige Book: ,HTML,/monetarypolicy/beigebook/beigebook201610.htm
2016,September 20-21 Meeting - 2016,"Minutes (Released October 12, 2016):",HTML,/monetarypolicy/fomcminutes20160921.htm
2016,September 20-21 Meeting - 2016,Beige Book: ,HTML,/monetarypolicy/beigebook/beigebook201609.htm
2016,July 26-27 Meeting - 2016,"Minutes (Released August 17, 2016):",HTML,/monetarypolicy/fomcminutes20160727.htm
2016,July 26-27 Meeting - 2016,Beige Book: ,HTML,/monetarypolicy/beigebook/beigebook201607.htm
2016,June 14-15 Meeting - 2016,"Minutes (Released July 06, 2016):",HTML,/monetarypolicy/fomcminutes20160615.htm
2016,June 14-15 Meeting - 2016,Beige Book: ,HTML,/monetarypolicy/beigebook/beigebook201606.htm
2016,April 26-27 Meeting - 2016,"Minutes (Released May 18, 2016):",HTML,/monetarypolicy/fomcminutes20160427.htm
2016,April 26-27 Meeting - 2016,Beige Book: ,HTML,/monetarypolicy/beigebook/beigebook201604.htm
2016,March 15-16 Meeting - 2016,"Minutes (Released April 06, 2016):",HTML,/monetarypolicy/fomcminutes20160316.htm
2016,March 15-16 Meeting - 2016,Beige Book: ,HTML,/monetarypolicy/beigebook/beigebook201603.htm
2016,January 26-27 Meeting - 2016,"Minutes (Released February 17, 2016):",HTML,/monetarypolicy/fomcminutes20160127.htm
2016,January 26-27 Meeting - 2016,Beige Book: ,HTML,/monetarypolicy/beigebook/beigebook201601.htm
2017,"December,12-13*",Minutes:,HTML,/monetarypolicy/fomcminutes20171213.htm
2017,"September,19-20*",Minutes:,HTML,/monetarypolicy/fomcminutes20170920.htm
2017,"June,13-14*",Minutes:,HTML,/monetarypolicy/fomcminutes20170614.htm
2017,"March,14-15*",Minutes:,HTML,/monetarypolicy/fomcminutes20170315.htm
2017,"Oct/Nov,31-1",Minutes:,HTML,/monetarypolicy/fomcminutes20171101.htm
2017,"July,25-26",Minutes:,HTML,/monetarypolicy/fomcminutes20170726.htm
2017,"May,2-3",Minutes:,HTML,/monetarypolicy/fomcminutes20170503.htm
2017,"Jan/Feb,31-1",Minutes:,HTML,/monetarypolicy/fomcminutes20170201.htm
2018,"December,18-19*",Minutes:,HTML,/monetarypolicy/fomcminutes20181219.htm
2018,"September,25-26*",Minutes:,HTML,/monetarypolicy/fomcminutes20180926.htm
2018,"June,12-13*",Minutes:,HTML,/monetarypolicy/fomcminutes20180613.htm
2018,"March,20-21*",Minutes:,HTML,/monetarypolicy/fomcminutes20180321.htm
2018,"November,7-8",Minutes:,HTML,/monetarypolicy/fomcminutes20181108.htm
2018,"Jul/Aug,31-1",Minutes:,HTML,/monetarypolicy/fomcminutes20180801.htm
2018,"May,1-2",Minutes:,HTML,/monetarypolicy/fomcminutes20180502.htm
2018,"January,30-31",Minutes:,HTML,/monetarypolicy/fomcminutes20180131.htm
2019,"December,10-11*",Minutes:,HTML,/monetarypolicy/fomcminutes20191211.htm
2019,"September,17-18*",Minutes:,HTML,/monetarypolicy/fomcminutes20190918.htm
2019,"June,18-19*",Minutes:,HTML,/monetarypolicy/fomcminutes20190619.htm
2019,"March,19-20*",Minutes:,HTML,/monetarypolicy/fomcminutes20190320.htm
2019,"October,29-30",Minutes:,HTML,/monetarypolicy/fomcminutes20191030.htm
2019,"July,30-31",Minutes:,HTML,/monetarypolicy/fomcminutes20190731.htm
2019,"April/May,30-1",Minutes:,HTML,/monetarypolicy/fomcminutes20190501.htm
2019,"January,29-30",Minutes:,HTML,/monetarypolicy/fomcminutes20190130.htm
2020,"November,4-5",Minutes:,HTML,/monetarypolicy/fomcminutes20201105.htm
2020,"June,9-10*",Minutes:,HTML,/monetarypolicy/fomcminutes20200610.htm
2020,"March,15 (unscheduled)",Minutes:,HTML,/monetarypolicy/fomcminutes20200315.htm
2020,"December,15-16*",Minutes:,HTML,/monetarypolicy/fomcminutes20201216.htm
2020,"September,15-16*",Minutes:,HTML,/monetarypolicy/fomcminutes20200916.htm
2020,"July,28-29",Minutes:,HTML,/monetarypolicy/fomcminutes20200729.htm
2020,"April,28-29",Minutes:,HTML,/monetarypolicy/fomcminutes20200429.htm
2020,"January,28-29",Minutes:,HTML,/monetarypolicy/fomcminutes20200129.htm
2021,"December,14-15*",Minutes:,HTML,/monetarypolicy/fomcminutes20211215.htm
2021,"September,21-22*",Minutes:,HTML,/monetarypolicy/fomcminutes20210922.htm
2021,"June,15-16*",Minutes:,HTML,/monetarypolicy/fomcminutes20210616.htm
2021,"March,16-17*",Minutes:,HTML,/monetarypolicy/fomcminutes20210317.htm
2021,"November,2-3",Minutes:,HTML,/monetarypolicy/fomcminutes20211103.htm
2021,"July,27-28",Minutes:,HTML,/monetarypolicy/fomcminutes20210728.htm
2021,"April,27-28",Minutes:,HTML,/monetarypolicy/fomcminutes20210428.htm
2021,"January,26-27",Minutes:,HTML,/monetarypolicy/fomcminutes20210127.htm
2022,"September,20-21*",Minutes:,HTML,/monetarypolicy/fomcminutes20220921.htm
2022,"June,14-15*",Minutes:,HTML,/monetarypolicy/fomcminutes20220615.htm
2022,"March,15-16*",Minutes:,HTML,/monetarypolicy/fomcminutes20220316.htm
2022,"July,26-27",Minutes:,HTML,/monetarypolicy/fomcminutes20220727.htm
2022,"May,3-4",Minutes:,HTML,/monetarypolicy/fomcminutes20220504.htm
2022,"January,25-26",Minutes:,HTML,/monetarypolicy/fomcminutes20220126.htm
